-- MySQL dump 10.13  Distrib 8.0.25, for Linux (x86_64)
--
-- Host: localhost    Database: EuropeFootballLeagues
-- ------------------------------------------------------
-- Server version	8.0.25-0ubuntu0.20.04.1

/*!40101 SET @OLD_CHARACTER_SET_CLIENT=@@CHARACTER_SET_CLIENT */;
/*!40101 SET @OLD_CHARACTER_SET_RESULTS=@@CHARACTER_SET_RESULTS */;
/*!40101 SET @OLD_COLLATION_CONNECTION=@@COLLATION_CONNECTION */;
/*!50503 SET NAMES utf8mb4 */;
/*!40103 SET @OLD_TIME_ZONE=@@TIME_ZONE */;
/*!40103 SET TIME_ZONE='+00:00' */;
/*!40014 SET @OLD_UNIQUE_CHECKS=@@UNIQUE_CHECKS, UNIQUE_CHECKS=0 */;
/*!40014 SET @OLD_FOREIGN_KEY_CHECKS=@@FOREIGN_KEY_CHECKS, FOREIGN_KEY_CHECKS=0 */;
/*!40101 SET @OLD_SQL_MODE=@@SQL_MODE, SQL_MODE='NO_AUTO_VALUE_ON_ZERO' */;
/*!40111 SET @OLD_SQL_NOTES=@@SQL_NOTES, SQL_NOTES=0 */;

--
-- Current Database: `EuropeFootballLeagues`
--

CREATE DATABASE /*!32312 IF NOT EXISTS*/ `EuropeFootballLeagues` /*!40100 DEFAULT CHARACTER SET utf8mb4 COLLATE utf8mb4_0900_ai_ci */ /*!80016 DEFAULT ENCRYPTION='N' */;

USE `EuropeFootballLeagues`;

--
-- Table structure for table `Leagues`
--

DROP TABLE IF EXISTS `Leagues`;
/*!40101 SET @saved_cs_client     = @@character_set_client */;
/*!50503 SET character_set_client = utf8mb4 */;
CREATE TABLE `Leagues` (
  `id` int NOT NULL AUTO_INCREMENT,
  `league` varchar(50) NOT NULL,
  PRIMARY KEY (`id`)
) ENGINE=InnoDB AUTO_INCREMENT=7 DEFAULT CHARSET=utf8mb4 COLLATE=utf8mb4_0900_ai_ci;
/*!40101 SET character_set_client = @saved_cs_client */;

--
-- Dumping data for table `Leagues`
--

LOCK TABLES `Leagues` WRITE;
/*!40000 ALTER TABLE `Leagues` DISABLE KEYS */;
INSERT INTO `Leagues` VALUES (1,'Bundesliga'),(2,'La Liga'),(3,'Ligue 1'),(4,'Premier League'),(5,'Serie A');
/*!40000 ALTER TABLE `Leagues` ENABLE KEYS */;
UNLOCK TABLES;

--
-- Table structure for table `Matches`
--

DROP TABLE IF EXISTS `Matches`;
/*!40101 SET @saved_cs_client     = @@character_set_client */;
/*!50503 SET character_set_client = utf8mb4 */;
CREATE TABLE `Matches` (
  `id` int NOT NULL AUTO_INCREMENT,
  `HomeTeam_id` int NOT NULL,
  `AwayTeam_id` int NOT NULL,
  `HomeScore` int DEFAULT NULL,
  `AwayScore` int DEFAULT NULL,
  `Date` date DEFAULT NULL,
  PRIMARY KEY (`id`),
  KEY `Matches_ibfk_1` (`HomeTeam_id`),
  KEY `Matches_ibfk_2` (`AwayTeam_id`),
  CONSTRAINT `Matches_ibfk_1` FOREIGN KEY (`HomeTeam_id`) REFERENCES `Teams` (`id`),
  CONSTRAINT `Matches_ibfk_2` FOREIGN KEY (`AwayTeam_id`) REFERENCES `Teams` (`id`)
) ENGINE=InnoDB AUTO_INCREMENT=1827 DEFAULT CHARSET=utf8mb4 COLLATE=utf8mb4_0900_ai_ci;
/*!40101 SET character_set_client = @saved_cs_client */;

--
-- Dumping data for table `Matches`
--

LOCK TABLES `Matches` WRITE;
/*!40000 ALTER TABLE `Matches` DISABLE KEYS */;
INSERT INTO `Matches` VALUES (1,2,7,2,2,'2019-08-16'),(2,18,9,2,1,'2019-08-17'),(3,17,4,1,3,'2019-08-17'),(4,12,15,0,0,'2019-08-17'),(5,10,13,3,2,'2019-08-17'),(6,6,11,3,0,'2019-08-17'),(7,3,1,5,1,'2019-08-17'),(8,16,14,0,4,'2019-08-18'),(9,5,8,1,0,'2019-08-18'),(10,9,3,0,0,'2019-08-23'),(11,15,2,0,3,'2019-08-24'),(12,13,6,1,3,'2019-08-24'),(13,11,12,1,3,'2019-08-24'),(14,4,10,1,3,'2019-08-24'),(15,1,16,1,1,'2019-08-24'),(16,14,5,2,1,'2019-08-25'),(17,12,14,1,3,'2019-08-30'),(18,18,13,1,1,'2019-08-31'),(19,16,3,3,1,'2019-08-31'),(20,15,7,3,0,'2019-08-31'),(21,10,8,0,0,'2019-08-31'),(22,6,9,1,2,'2019-08-31'),(23,2,11,6,1,'2019-08-31'),(24,17,1,3,2,'2019-09-01'),(25,5,4,2,1,'2019-09-01'),(26,14,2,1,1,'2019-09-14'),(27,11,7,2,1,'2019-09-14'),(28,9,12,0,1,'2019-09-14'),(29,3,10,4,0,'2019-09-14'),(30,1,5,2,1,'2019-09-14'),(31,13,15,1,5,'2019-09-15'),(32,8,6,0,3,'2019-09-15'),(33,15,11,2,1,'2019-09-20'),(34,17,14,0,3,'2019-09-21'),(35,10,16,2,0,'2019-09-21'),(36,7,13,2,1,'2019-09-21'),(37,6,1,1,1,'2019-09-21'),(38,2,9,4,0,'2019-09-21'),(39,12,4,2,1,'2019-09-22'),(40,5,3,2,2,'2019-09-22'),(41,18,8,1,1,'2019-09-23'),(42,16,5,1,2,'2019-09-27'),(43,14,15,1,3,'2019-09-28'),(44,13,2,2,3,'2019-09-28'),(45,8,12,0,3,'2019-09-28'),(46,1,10,0,3,'2019-09-28'),(47,9,7,0,4,'2019-09-29'),(48,4,6,1,2,'2019-09-29'),(49,7,4,3,1,'2019-10-04'),(50,15,9,1,1,'2019-10-05'),(51,13,11,1,2,'2019-10-05'),(52,10,14,1,1,'2019-10-05'),(53,6,3,2,2,'2019-10-05'),(54,2,8,1,2,'2019-10-05'),(55,18,16,1,0,'2019-10-06'),(56,12,1,5,1,'2019-10-06'),(57,5,10,3,0,'2019-10-18'),(58,17,7,1,1,'2019-10-19'),(59,16,6,2,0,'2019-10-19'),(60,4,11,1,0,'2019-10-19'),(61,3,12,1,0,'2019-10-19'),(62,1,2,2,2,'2019-10-19'),(63,9,13,3,0,'2019-10-20'),(64,8,15,2,0,'2019-10-20'),(65,11,9,3,1,'2019-10-25'),(66,15,3,0,0,'2019-10-26'),(67,13,4,2,0,'2019-10-26'),(68,7,8,2,3,'2019-10-26'),(69,6,14,2,1,'2019-10-26'),(70,2,16,2,1,'2019-10-26'),(71,18,1,0,0,'2019-10-27'),(72,12,5,4,2,'2019-10-27'),(73,8,13,3,0,'2019-11-01'),(74,17,6,2,2,'2019-11-02'),(75,16,7,1,0,'2019-11-02'),(76,14,11,8,0,'2019-11-02'),(77,10,12,1,2,'2019-11-02'),(78,5,2,5,1,'2019-11-02'),(79,4,9,2,0,'2019-11-03'),(80,1,15,2,3,'2019-11-03'),(81,9,8,1,2,'2019-11-08'),(82,15,4,3,3,'2019-11-09'),(83,13,1,0,1,'2019-11-09'),(84,11,16,2,3,'2019-11-09'),(85,7,14,2,4,'2019-11-09'),(86,2,3,4,0,'2019-11-09'),(87,18,10,0,2,'2019-11-10'),(88,6,5,1,0,'2019-11-10'),(89,3,13,3,3,'2019-11-22'),(90,17,15,1,2,'2019-11-23'),(91,16,12,2,0,'2019-11-23'),(92,14,9,4,1,'2019-11-23'),(93,10,6,1,1,'2019-11-23'),(94,4,2,0,4,'2019-11-23'),(95,8,11,1,5,'2019-11-24'),(96,1,7,4,0,'2019-11-24'),(97,15,16,2,1,'2019-11-29'),(98,13,14,2,3,'2019-11-30'),(99,9,1,1,1,'2019-11-30'),(100,8,4,1,1,'2019-11-30'),(101,7,3,1,2,'2019-11-30'),(102,2,10,1,2,'2019-11-30'),(103,12,6,4,2,'2019-12-01'),(104,11,5,2,1,'2019-12-02'),(105,5,7,2,2,'2019-12-06'),(106,14,8,3,1,'2019-12-07'),(107,12,2,2,1,'2019-12-07'),(108,10,15,2,1,'2019-12-07'),(109,3,4,5,0,'2019-12-07'),(110,1,11,2,1,'2019-12-07'),(111,17,13,0,1,'2019-12-08'),(112,16,9,2,0,'2019-12-08'),(113,8,1,2,4,'2019-12-13'),(114,13,16,1,1,'2019-12-14'),(115,11,3,0,4,'2019-12-14'),(116,9,10,2,0,'2019-12-14'),(117,7,6,1,0,'2019-12-14'),(118,4,14,0,3,'2019-12-14'),(119,18,12,2,1,'2019-12-15'),(120,15,5,1,0,'2019-12-15'),(121,17,11,0,5,'2019-12-17'),(122,16,8,0,2,'2019-12-17'),(123,3,14,3,3,'2019-12-17'),(124,1,4,3,0,'2019-12-17'),(125,18,15,1,1,'2019-12-18'),(126,12,13,2,0,'2019-12-18'),(127,10,7,0,1,'2019-12-18'),(128,6,2,1,3,'2019-12-18'),(129,5,9,2,4,'2019-12-18'),(130,8,3,2,1,'2019-12-20'),(131,15,6,2,2,'2019-12-21'),(132,14,1,3,1,'2019-12-21'),(133,11,10,0,1,'2019-12-21'),(134,7,12,0,0,'2019-12-21'),(135,13,5,2,1,'2019-12-22'),(136,4,16,2,1,'2019-12-22'),(137,15,12,2,0,'2020-01-17'),(138,14,16,3,1,'2020-01-18'),(139,11,6,1,2,'2020-01-18'),(140,8,5,1,2,'2020-01-18'),(141,1,3,3,5,'2020-01-18'),(142,13,10,1,4,'2020-01-19'),(143,7,2,0,4,'2020-01-19'),(144,3,9,5,1,'2020-01-24'),(145,18,7,1,2,'2020-01-25'),(146,16,1,2,0,'2020-01-25'),(147,12,11,3,1,'2020-01-25'),(148,6,13,0,2,'2020-01-25'),(149,5,14,2,0,'2020-01-25'),(150,2,15,5,0,'2020-01-25'),(151,17,8,0,3,'2020-01-26'),(152,10,4,3,0,'2020-01-26'),(153,7,15,0,0,'2020-01-31'),(154,14,12,2,2,'2020-02-01'),(155,11,2,1,3,'2020-02-01'),(156,8,10,2,1,'2020-02-01'),(157,4,5,1,1,'2020-02-01'),(158,3,16,5,0,'2020-02-01'),(159,9,6,4,0,'2020-02-02'),(160,5,1,5,0,'2020-02-07'),(161,18,4,1,1,'2020-02-08'),(162,17,16,0,2,'2020-02-08'),(163,15,13,1,1,'2020-02-08'),(164,10,3,4,3,'2020-02-08'),(165,7,11,1,3,'2020-02-08'),(166,6,8,1,0,'2020-02-08'),(167,2,14,0,0,'2020-02-09'),(168,3,5,4,0,'2020-02-14'),(169,16,10,2,3,'2020-02-15'),(170,13,7,1,2,'2020-02-15'),(171,4,12,1,4,'2020-02-15'),(172,1,6,1,1,'2020-02-15'),(173,11,15,0,0,'2020-02-16'),(174,9,2,1,4,'2020-02-16'),(175,2,13,3,2,'2020-02-21'),(176,17,3,0,2,'2020-02-22'),(177,15,14,0,5,'2020-02-22'),(178,12,8,1,1,'2020-02-22'),(179,7,9,0,5,'2020-02-22'),(180,6,4,0,2,'2020-02-22'),(181,18,11,4,0,'2020-02-23'),(182,10,1,2,0,'2020-02-23'),(183,5,16,1,2,'2020-02-24'),(184,4,7,3,3,'2020-02-28'),(185,11,13,2,0,'2020-02-29'),(186,9,15,3,0,'2020-02-29'),(187,8,2,0,6,'2020-02-29'),(188,3,6,1,0,'2020-02-29'),(189,1,12,2,3,'2020-02-29'),(190,14,10,1,1,'2020-03-01'),(191,13,9,1,2,'2020-03-06'),(192,18,14,0,0,'2020-03-07'),(193,15,8,1,1,'2020-03-07'),(194,12,3,1,2,'2020-03-07'),(195,10,5,4,0,'2020-03-07'),(196,6,16,3,1,'2020-03-07'),(197,11,4,1,1,'2020-03-08'),(198,2,1,2,0,'2020-03-08'),(199,12,9,2,1,'2020-03-11'),(200,1,14,NULL,NULL,NULL),(201,1,8,NULL,NULL,NULL),(202,1,9,NULL,NULL,NULL),(203,1,13,NULL,NULL,NULL),(204,2,12,NULL,NULL,NULL),(205,2,6,NULL,NULL,NULL),(206,2,5,NULL,NULL,NULL),(207,2,4,NULL,NULL,NULL),(208,17,2,NULL,NULL,NULL),(209,17,12,NULL,NULL,NULL),(210,17,10,NULL,NULL,NULL),(211,17,9,NULL,NULL,NULL),(212,17,5,NULL,NULL,NULL),(213,3,2,NULL,NULL,NULL),(214,3,15,NULL,NULL,NULL),(215,3,8,NULL,NULL,NULL),(216,3,7,NULL,NULL,NULL),(217,3,11,NULL,NULL,NULL),(218,4,3,NULL,NULL,NULL),(219,4,15,NULL,NULL,NULL),(220,4,8,NULL,NULL,NULL),(221,4,1,NULL,NULL,NULL),(222,4,13,NULL,NULL,NULL),(223,5,12,NULL,NULL,NULL),(224,5,15,NULL,NULL,NULL),(225,5,6,NULL,NULL,NULL),(226,5,13,NULL,NULL,NULL),(227,5,11,NULL,NULL,NULL),(228,6,12,NULL,NULL,NULL),(229,6,10,NULL,NULL,NULL),(230,6,15,NULL,NULL,NULL),(231,6,7,NULL,NULL,NULL),(232,7,10,NULL,NULL,NULL),(233,7,1,NULL,NULL,NULL),(234,7,16,NULL,NULL,NULL),(235,7,5,NULL,NULL,NULL),(236,8,14,NULL,NULL,NULL),(237,8,9,NULL,NULL,NULL),(238,8,16,NULL,NULL,NULL),(239,8,7,NULL,NULL,NULL),(240,9,14,NULL,NULL,NULL),(241,9,5,NULL,NULL,NULL),(242,9,16,NULL,NULL,NULL),(243,9,11,NULL,NULL,NULL),(244,9,4,NULL,NULL,NULL),(245,10,2,NULL,NULL,NULL),(246,10,9,NULL,NULL,NULL),(247,10,11,NULL,NULL,NULL),(248,11,14,NULL,NULL,NULL),(249,11,8,NULL,NULL,NULL),(250,11,1,NULL,NULL,NULL),(251,12,10,NULL,NULL,NULL),(252,12,16,NULL,NULL,NULL),(253,12,7,NULL,NULL,NULL),(254,13,12,NULL,NULL,NULL),(255,13,3,NULL,NULL,NULL),(256,13,8,NULL,NULL,NULL),(257,14,3,NULL,NULL,NULL),(258,14,6,NULL,NULL,NULL),(259,14,7,NULL,NULL,NULL),(260,14,4,NULL,NULL,NULL),(261,14,13,NULL,NULL,NULL),(262,15,10,NULL,NULL,NULL),(263,15,1,NULL,NULL,NULL),(264,16,2,NULL,NULL,NULL),(265,16,13,NULL,NULL,NULL),(266,16,15,NULL,NULL,NULL),(267,16,11,NULL,NULL,NULL),(268,16,4,NULL,NULL,NULL),(269,18,2,NULL,NULL,NULL),(270,18,3,NULL,NULL,NULL),(271,18,5,NULL,NULL,NULL),(272,18,6,NULL,NULL,NULL),(273,48,45,0,3,'2019-08-09'),(274,63,74,3,0,'2019-08-10'),(275,71,59,0,1,'2019-08-11'),(276,70,64,4,0,'2019-08-11'),(277,67,78,0,0,'2019-08-11'),(278,45,40,6,0,'2019-08-16'),(279,60,61,1,2,'2019-08-17'),(280,25,36,0,2,'2019-08-18'),(281,27,36,0,1,'2019-08-23'),(282,26,20,1,1,'2019-08-24'),(283,73,67,1,2,'2019-08-24'),(284,84,91,3,4,'2019-08-24'),(285,22,32,5,2,'2019-08-25'),(286,83,82,0,1,'2019-08-25'),(287,44,56,3,0,'2019-08-28'),(288,40,43,2,0,'2019-08-31'),(289,69,62,4,0,'2019-08-31'),(290,25,27,0,3,'2019-09-01'),(291,41,47,2,0,'2019-09-14'),(292,72,69,3,2,'2019-09-14'),(293,35,31,1,1,'2019-09-15'),(294,76,59,2,2,'2019-09-15'),(295,93,95,4,2,'2019-09-15'),(296,83,85,3,1,'2019-09-20'),(297,27,22,2,0,'2019-09-21'),(298,54,48,0,0,'2019-09-21'),(299,63,72,2,0,'2019-09-21'),(300,37,28,1,1,'2019-09-22'),(301,26,30,4,2,'2019-09-22'),(302,20,19,2,0,'2019-09-22'),(303,77,70,2,0,'2019-09-22'),(304,43,46,0,0,'2019-09-24'),(305,33,31,2,0,'2019-09-25'),(306,93,80,0,2,'2019-09-25'),(307,24,36,3,2,'2019-09-26'),(308,23,25,1,1,'2019-09-26'),(309,21,33,0,0,'2019-09-28'),(310,47,58,2,2,'2019-09-28'),(311,45,50,0,1,'2019-09-28'),(312,65,72,2,0,'2019-09-28'),(313,64,62,2,0,'2019-09-28'),(314,46,55,1,1,'2019-09-29'),(315,70,59,1,1,'2019-09-30'),(316,33,27,4,2,'2019-10-05'),(317,28,29,1,2,'2019-10-05'),(318,49,48,3,1,'2019-10-05'),(319,68,67,2,1,'2019-10-05'),(320,44,52,2,2,'2019-10-06'),(321,59,61,1,0,'2019-10-06'),(322,80,90,3,1,'2019-10-06'),(323,61,72,0,0,'2019-10-19'),(324,34,32,3,1,'2019-10-20'),(325,19,23,2,0,'2019-10-20'),(326,70,68,1,1,'2019-10-20'),(327,83,96,2,0,'2019-10-20'),(328,86,95,0,1,'2019-10-25'),(329,21,20,2,0,'2019-10-26'),(330,27,32,1,0,'2019-10-27'),(331,53,46,4,0,'2019-10-27'),(332,83,81,3,2,'2019-10-30'),(333,26,27,3,1,'2019-10-31'),(334,24,38,2,1,'2019-10-31'),(335,25,37,1,2,'2019-11-02'),(336,40,57,1,0,'2019-11-02'),(337,69,74,2,1,'2019-11-02'),(338,31,19,4,2,'2019-11-03'),(339,34,28,1,1,'2019-11-08'),(340,95,81,3,1,'2019-11-08'),(341,71,61,2,1,'2019-11-09'),(342,82,97,0,4,'2019-11-09'),(343,70,62,3,1,'2019-11-10'),(344,88,79,1,0,'2019-11-10'),(345,77,75,2,3,'2019-11-23'),(346,38,23,1,3,'2019-11-24'),(347,41,48,2,1,'2019-11-24'),(348,73,70,3,3,'2019-11-24'),(349,95,89,1,2,'2019-11-24'),(350,57,45,1,2,'2019-11-30'),(351,64,77,0,1,'2019-11-30'),(352,82,80,0,3,'2019-11-30'),(353,21,22,0,1,'2019-12-01'),(354,42,57,5,0,'2019-12-03'),(355,6,18,1,0,'2019-12-07'),(356,33,25,2,0,'2019-12-07'),(357,22,30,5,2,'2019-12-07'),(358,48,39,3,0,'2019-12-07'),(359,76,65,0,0,'2019-12-07'),(360,32,20,3,2,'2019-12-08'),(361,60,67,1,4,'2019-12-08'),(362,96,82,0,1,'2019-12-08'),(363,81,79,2,3,'2019-12-08'),(364,42,51,0,0,'2019-12-14'),(365,64,61,0,1,'2019-12-14'),(366,63,71,1,0,'2019-12-14'),(367,37,33,1,1,'2019-12-15'),(368,26,35,2,0,'2019-12-15'),(369,45,55,0,1,'2019-12-15'),(370,57,56,2,1,'2019-12-21'),(371,46,52,3,1,'2019-12-21'),(372,60,74,1,3,'2019-12-21'),(373,97,96,1,2,'2019-12-21'),(374,74,65,1,1,'2019-12-28'),(375,69,73,2,0,'2019-12-29'),(376,71,67,0,3,'2020-01-01'),(377,34,38,1,2,'2020-01-05'),(378,19,32,1,1,'2020-01-05'),(379,39,49,1,2,'2020-01-11'),(380,65,59,1,1,'2020-01-11'),(381,64,63,3,0,'2020-01-11'),(382,52,55,0,1,'2020-01-15'),(383,77,66,1,1,'2020-01-18'),(384,76,75,0,0,'2020-01-18'),(385,74,78,2,3,'2020-01-18'),(386,62,60,1,1,'2020-01-18'),(387,30,37,4,1,'2020-01-19'),(388,32,34,3,0,'2020-01-19'),(389,66,71,2,2,'2020-01-21'),(390,82,79,0,1,'2020-01-24'),(391,48,57,1,3,'2020-01-25'),(392,46,40,0,0,'2020-01-25'),(393,84,85,0,0,'2020-01-25'),(394,45,58,3,0,'2020-01-26'),(395,55,50,3,2,'2020-01-31'),(396,40,54,1,4,'2020-02-01'),(397,76,66,2,3,'2020-02-01'),(398,20,26,0,2,'2020-02-02'),(399,47,56,3,1,'2020-02-02'),(400,90,97,4,0,'2020-02-02'),(401,88,84,3,0,'2020-02-02'),(402,47,41,1,2,'2020-02-08'),(403,66,65,3,1,'2020-02-08'),(404,73,61,2,1,'2020-02-09'),(405,78,67,0,0,'2020-02-14'),(406,52,40,1,0,'2020-02-15'),(407,36,25,2,2,'2020-02-16'),(408,28,32,0,0,'2020-02-16'),(409,60,75,2,3,'2020-02-16'),(410,69,77,2,0,'2020-02-19'),(411,29,33,1,0,'2020-02-22'),(412,43,48,1,1,'2020-02-22'),(413,74,60,2,0,'2020-02-22'),(414,67,69,0,1,'2020-02-22'),(415,84,79,1,1,'2020-02-22'),(416,89,81,2,0,'2020-02-29'),(417,51,48,2,1,'2020-03-07'),(418,73,72,1,0,'2020-03-07'),(419,63,75,1,1,'2020-03-07'),(420,55,49,5,0,'2020-03-08'),(421,92,96,0,1,'2020-03-08'),(422,95,82,3,0,'2020-03-09'),(423,24,34,1,2,'2020-03-10'),(424,10,18,NULL,NULL,NULL),(425,22,28,NULL,NULL,NULL),(426,26,25,NULL,NULL,NULL),(427,33,37,NULL,NULL,NULL),(428,38,30,NULL,NULL,NULL),(429,30,22,NULL,NULL,NULL),(430,22,21,NULL,NULL,NULL),(431,24,31,NULL,NULL,NULL),(432,30,23,NULL,NULL,NULL),(433,21,19,NULL,NULL,NULL),(434,25,33,NULL,NULL,NULL),(435,27,24,NULL,NULL,NULL),(436,22,20,NULL,NULL,NULL),(437,32,25,NULL,NULL,NULL),(438,34,33,NULL,NULL,NULL),(439,27,37,NULL,NULL,NULL),(440,36,24,NULL,NULL,NULL),(441,33,19,NULL,NULL,NULL),(442,31,23,NULL,NULL,NULL),(443,38,34,NULL,NULL,NULL),(444,20,28,NULL,NULL,NULL),(445,23,29,NULL,NULL,NULL),(446,34,36,NULL,NULL,NULL),(447,19,22,NULL,NULL,NULL),(448,29,26,NULL,NULL,NULL),(449,35,32,NULL,NULL,NULL),(450,41,55,NULL,NULL,NULL),(451,47,43,NULL,NULL,NULL),(452,55,57,NULL,NULL,NULL),(453,45,46,NULL,NULL,NULL),(454,44,51,NULL,NULL,NULL),(455,53,56,NULL,NULL,NULL),(456,48,50,NULL,NULL,NULL),(457,42,52,NULL,NULL,NULL),(458,46,47,NULL,NULL,NULL),(459,51,56,NULL,NULL,NULL),(460,39,51,NULL,NULL,NULL),(461,45,42,NULL,NULL,NULL),(462,52,53,NULL,NULL,NULL),(463,78,66,NULL,NULL,NULL),(464,70,61,NULL,NULL,NULL),(465,77,64,NULL,NULL,NULL),(466,59,72,NULL,NULL,NULL),(467,61,71,NULL,NULL,NULL),(468,61,74,NULL,NULL,NULL),(469,72,63,NULL,NULL,NULL),(470,69,72,NULL,NULL,NULL),(471,74,73,NULL,NULL,NULL),(472,88,90,NULL,NULL,NULL),(473,80,89,NULL,NULL,NULL),(474,84,82,NULL,NULL,NULL),(475,96,83,NULL,NULL,NULL),(476,97,98,NULL,NULL,NULL),(477,95,88,NULL,NULL,NULL),(478,82,93,NULL,NULL,NULL),(479,80,94,NULL,NULL,NULL),(480,98,85,NULL,NULL,NULL),(481,92,84,NULL,NULL,NULL),(482,89,79,NULL,NULL,NULL),(483,90,82,NULL,NULL,NULL),(484,94,85,NULL,NULL,NULL),(485,98,88,NULL,NULL,NULL),(486,79,80,NULL,NULL,NULL),(487,90,92,NULL,NULL,NULL),(488,68,72,4,1,'2019-08-09'),(489,51,39,2,1,'2019-08-10'),(490,53,52,3,0,'2019-08-11'),(491,72,71,3,1,'2019-08-17'),(492,29,38,2,1,'2019-08-23'),(493,8,17,3,2,'2019-08-24'),(494,40,47,3,0,'2019-08-24'),(495,19,25,0,0,'2019-08-25'),(496,78,63,1,1,'2019-08-25'),(497,98,79,1,0,'2019-08-25'),(498,94,89,0,3,'2019-08-25'),(499,20,34,2,0,'2019-08-30'),(500,26,19,1,1,'2019-08-31'),(501,63,68,0,3,'2019-08-31'),(502,4,18,1,1,'2019-09-13'),(503,22,37,5,2,'2019-09-14'),(504,24,25,1,2,'2019-09-15'),(505,48,46,3,4,'2019-09-15'),(506,92,83,1,3,'2019-09-15'),(507,31,32,0,0,'2019-09-20'),(508,74,61,1,3,'2019-09-20'),(509,38,35,2,0,'2019-09-21'),(510,36,33,0,1,'2019-09-22'),(511,64,68,1,2,'2019-09-22'),(512,89,92,2,0,'2019-09-22'),(513,32,29,3,1,'2019-09-24'),(514,82,88,1,2,'2019-09-24'),(515,58,40,0,2,'2019-09-25'),(516,42,45,2,2,'2019-09-25'),(517,39,41,1,3,'2019-09-25'),(518,87,89,1,0,'2019-09-25'),(519,85,81,0,0,'2019-09-25'),(520,34,19,3,0,'2019-09-26'),(521,38,32,5,1,'2019-09-27'),(522,41,53,0,1,'2019-09-28'),(523,61,77,2,2,'2019-09-28'),(524,19,30,2,0,'2019-09-29'),(525,91,82,2,1,'2019-09-29'),(526,79,84,1,3,'2019-09-29'),(527,37,19,2,1,'2019-10-05'),(528,21,37,1,1,'2019-10-19'),(529,54,49,1,0,'2019-10-19'),(530,47,50,1,0,'2019-10-19'),(531,45,43,0,0,'2019-10-19'),(532,25,38,0,1,'2019-10-20'),(533,44,41,3,0,'2019-10-26'),(534,36,26,2,0,'2019-10-27'),(535,72,70,1,3,'2019-10-27'),(536,84,89,1,2,'2019-10-27'),(537,20,25,3,0,'2019-10-30'),(538,43,53,2,1,'2019-11-01'),(539,47,49,2,2,'2019-11-02'),(540,39,42,1,0,'2019-11-02'),(541,35,30,3,0,'2019-11-03'),(542,28,24,1,2,'2019-11-03'),(543,56,48,1,0,'2019-11-03'),(544,65,67,0,2,'2019-11-03'),(545,86,82,2,1,'2019-11-03'),(546,74,66,1,2,'2019-11-09'),(547,12,17,3,1,'2019-11-10'),(548,46,45,2,1,'2019-11-10'),(549,53,44,2,0,'2019-11-22'),(550,33,34,3,1,'2019-11-23'),(551,32,37,2,1,'2019-11-23'),(552,47,54,1,1,'2019-11-23'),(553,61,78,1,2,'2019-11-23'),(554,79,91,1,1,'2019-11-23'),(555,54,41,1,1,'2019-11-30'),(556,52,47,1,1,'2019-11-30'),(557,74,76,2,1,'2019-11-30'),(558,40,46,0,2,'2019-12-03'),(559,65,61,1,0,'2019-12-03'),(560,43,49,2,2,'2019-12-04'),(561,52,45,0,4,'2019-12-06'),(562,55,40,2,2,'2019-12-07'),(563,51,47,4,2,'2019-12-07'),(564,47,46,1,1,'2019-12-14'),(565,85,94,0,1,'2019-12-14'),(566,59,69,0,3,'2019-12-15'),(567,55,41,1,0,'2019-12-21'),(568,54,45,1,1,'2019-12-21'),(569,50,40,1,2,'2019-12-21'),(570,74,75,1,0,'2020-01-01'),(571,59,70,2,0,'2020-01-01'),(572,23,31,1,1,'2020-01-05'),(573,41,45,1,2,'2020-01-11'),(574,66,62,1,0,'2020-01-11'),(575,86,85,2,1,'2020-01-12'),(576,94,82,5,1,'2020-01-12'),(577,4,17,0,1,'2020-01-18'),(578,33,36,2,1,'2020-01-18'),(579,29,19,0,1,'2020-01-18'),(580,59,73,1,1,'2020-01-18'),(581,38,25,1,2,'2020-01-19'),(582,68,74,4,0,'2020-02-01'),(583,75,69,2,0,'2020-02-02'),(584,89,96,5,1,'2020-02-02'),(585,80,85,2,2,'2020-02-02'),(586,56,46,0,2,'2020-02-05'),(587,42,41,1,1,'2020-02-05'),(588,93,81,2,3,'2020-02-07'),(589,84,80,1,2,'2020-02-08'),(590,32,22,2,3,'2020-02-09'),(591,82,98,1,1,'2020-02-09'),(592,39,53,4,4,'2020-02-15'),(593,74,63,1,2,'2020-02-15'),(594,90,96,2,1,'2020-02-15'),(595,33,23,2,2,'2020-02-16'),(596,88,82,2,0,'2020-02-16'),(597,64,70,0,2,'2020-02-17'),(598,32,30,3,3,'2020-02-21'),(599,22,24,5,0,'2020-02-22'),(600,44,58,3,0,'2020-02-22'),(601,73,62,1,1,'2020-02-22'),(602,68,77,3,2,'2020-02-24'),(603,48,54,1,1,'2020-02-29'),(604,33,22,2,0,'2020-03-01'),(605,90,80,2,7,'2020-03-01'),(606,19,37,1,1,'2020-03-06'),(607,44,45,1,0,'2020-03-08'),(608,94,86,2,1,'2020-03-08'),(609,67,60,4,0,'2020-03-09'),(610,29,36,NULL,NULL,NULL),(611,35,23,NULL,NULL,NULL),(612,23,38,NULL,NULL,NULL),(613,33,24,NULL,NULL,NULL),(614,36,32,NULL,NULL,NULL),(615,19,27,NULL,NULL,NULL),(616,33,26,NULL,NULL,NULL),(617,34,25,NULL,NULL,NULL),(618,29,32,NULL,NULL,NULL),(619,25,29,NULL,NULL,NULL),(620,25,28,NULL,NULL,NULL),(621,38,22,NULL,NULL,NULL),(622,20,36,NULL,NULL,NULL),(623,32,31,NULL,NULL,NULL),(624,25,24,NULL,NULL,NULL),(625,27,33,NULL,NULL,NULL),(626,28,37,NULL,NULL,NULL),(627,29,20,NULL,NULL,NULL),(628,35,22,NULL,NULL,NULL),(629,26,21,NULL,NULL,NULL),(630,36,37,NULL,NULL,NULL),(631,39,52,NULL,NULL,NULL),(632,48,41,NULL,NULL,NULL),(633,49,54,NULL,NULL,NULL),(634,56,55,NULL,NULL,NULL),(635,57,40,NULL,NULL,NULL),(636,49,44,NULL,NULL,NULL),(637,47,51,NULL,NULL,NULL),(638,40,45,NULL,NULL,NULL),(639,50,57,NULL,NULL,NULL),(640,60,65,NULL,NULL,NULL),(641,60,70,NULL,NULL,NULL),(642,76,72,NULL,NULL,NULL),(643,72,62,NULL,NULL,NULL),(644,66,67,NULL,NULL,NULL),(645,65,63,NULL,NULL,NULL),(646,65,70,NULL,NULL,NULL),(647,75,67,NULL,NULL,NULL),(648,66,61,NULL,NULL,NULL),(649,62,59,NULL,NULL,NULL),(650,64,69,NULL,NULL,NULL),(651,69,59,NULL,NULL,NULL),(652,72,66,NULL,NULL,NULL),(653,83,97,NULL,NULL,NULL),(654,80,95,NULL,NULL,NULL),(655,86,91,NULL,NULL,NULL),(656,86,80,NULL,NULL,NULL),(657,81,91,NULL,NULL,NULL),(658,90,84,NULL,NULL,NULL),(659,96,87,NULL,NULL,NULL),(660,98,89,NULL,NULL,NULL),(661,91,79,NULL,NULL,NULL),(662,97,82,NULL,NULL,NULL),(663,83,80,NULL,NULL,NULL),(664,96,93,NULL,NULL,NULL),(665,91,95,NULL,NULL,NULL),(666,89,82,NULL,NULL,NULL),(667,85,88,NULL,NULL,NULL),(668,87,94,NULL,NULL,NULL),(669,75,60,3,1,'2019-08-10'),(670,37,34,1,1,'2019-08-17'),(671,66,76,1,0,'2019-08-17'),(672,56,42,1,1,'2019-08-18'),(673,55,53,2,1,'2019-08-18'),(674,43,41,0,2,'2019-08-24'),(675,30,34,0,1,'2019-08-25'),(676,57,55,0,2,'2019-08-25'),(677,97,95,2,1,'2019-08-25'),(678,96,80,2,3,'2019-08-25'),(679,36,23,1,1,'2019-08-30'),(680,57,48,2,2,'2019-09-01'),(681,54,44,2,0,'2019-09-01'),(682,95,94,4,1,'2019-09-01'),(683,89,93,1,1,'2019-09-01'),(684,80,97,2,3,'2019-09-01'),(685,16,17,1,2,'2019-09-14'),(686,34,21,2,0,'2019-09-14'),(687,73,74,0,1,'2019-09-14'),(688,68,71,3,1,'2019-09-14'),(689,91,94,2,0,'2019-09-14'),(690,60,77,0,0,'2019-09-16'),(691,97,90,1,2,'2019-09-16'),(692,57,50,2,1,'2019-09-20'),(693,51,43,2,1,'2019-09-21'),(694,55,44,1,1,'2019-09-22'),(695,22,38,2,1,'2019-09-24'),(696,49,52,1,0,'2019-09-25'),(697,44,57,2,0,'2019-09-25'),(698,92,95,1,0,'2019-09-25'),(699,11,18,0,1,'2019-09-28'),(700,78,76,2,0,'2019-09-28'),(701,73,68,0,1,'2019-09-28'),(702,60,63,2,2,'2019-09-28'),(703,29,31,1,1,'2019-09-29'),(704,72,60,1,5,'2019-10-05'),(705,62,75,3,0,'2019-10-05'),(706,96,92,1,0,'2019-10-05'),(707,35,21,0,0,'2019-10-06'),(708,23,20,1,0,'2019-10-06'),(709,22,36,4,0,'2019-10-06'),(710,87,88,1,2,'2019-10-06'),(711,84,98,1,0,'2019-10-06'),(712,78,74,1,1,'2019-10-19'),(713,67,63,2,1,'2019-10-19'),(714,89,80,3,3,'2019-10-19'),(715,92,85,5,1,'2019-10-20'),(716,74,67,0,9,'2019-10-25'),(717,54,52,0,0,'2019-10-26'),(718,85,82,3,1,'2019-10-26'),(719,23,34,0,1,'2019-10-27'),(720,71,78,1,1,'2019-10-27'),(721,93,79,2,1,'2019-10-27'),(722,37,36,1,1,'2019-10-30'),(723,32,23,2,1,'2019-10-30'),(724,88,85,2,1,'2019-10-30'),(725,36,21,1,1,'2019-11-02'),(726,29,22,3,1,'2019-11-02'),(727,46,44,2,1,'2019-11-02'),(728,77,71,2,3,'2019-11-02'),(729,24,33,0,4,'2019-11-09'),(730,48,43,1,0,'2019-11-09'),(731,42,53,1,2,'2019-11-09'),(732,20,29,2,1,'2019-11-10'),(733,94,80,0,0,'2019-11-10'),(734,28,22,1,2,'2019-11-23'),(735,69,64,2,1,'2019-11-23'),(736,24,19,0,2,'2019-11-24'),(737,86,84,1,0,'2019-11-24'),(738,93,82,3,0,'2019-11-24'),(739,23,35,0,0,'2019-11-29'),(740,37,38,2,1,'2019-11-30'),(741,68,62,2,1,'2019-11-30'),(742,55,56,2,1,'2019-12-01'),(743,47,55,0,1,'2019-12-04'),(744,59,62,1,2,'2019-12-05'),(745,87,93,0,0,'2019-12-06'),(746,49,53,1,3,'2019-12-07'),(747,80,86,3,2,'2019-12-07'),(748,77,59,1,3,'2019-12-09'),(749,44,49,2,1,'2019-12-13'),(750,20,24,0,0,'2019-12-14'),(751,58,54,0,1,'2019-12-14'),(752,39,43,1,1,'2019-12-14'),(753,67,72,1,1,'2019-12-14'),(754,36,38,1,2,'2019-12-15'),(755,86,97,3,3,'2019-12-15'),(756,79,95,0,0,'2019-12-15'),(757,84,87,1,1,'2019-12-15'),(758,2,18,2,0,'2019-12-21'),(759,35,37,1,1,'2019-12-21'),(760,48,44,5,1,'2019-12-21'),(761,33,20,0,0,'2019-12-22'),(762,67,68,0,4,'2019-12-26'),(763,61,59,1,1,'2019-12-26'),(764,63,70,0,2,'2019-12-28'),(765,62,61,2,0,'2019-12-28'),(766,76,78,2,1,'2020-01-01'),(767,62,64,1,1,'2020-01-01'),(768,25,22,2,2,'2020-01-04'),(769,78,71,1,1,'2020-01-11'),(770,56,50,0,2,'2020-01-12'),(771,60,69,1,6,'2020-01-12'),(772,97,81,1,0,'2020-01-12'),(773,84,96,1,0,'2020-01-12'),(774,39,54,1,1,'2020-01-15'),(775,71,64,1,0,'2020-01-18'),(776,90,87,1,1,'2020-01-19'),(777,81,86,1,1,'2020-01-19'),(778,70,63,0,2,'2020-01-22'),(779,37,22,2,0,'2020-01-25'),(780,54,47,0,1,'2020-01-25'),(781,42,39,2,1,'2020-01-25'),(782,35,33,0,1,'2020-01-26'),(783,23,24,0,0,'2020-01-26'),(784,44,53,0,2,'2020-01-26'),(785,86,90,3,0,'2020-01-26'),(786,33,21,1,0,'2020-02-01'),(787,13,18,2,4,'2020-02-02'),(788,38,31,3,1,'2020-02-02'),(789,94,91,2,4,'2020-02-03'),(790,45,39,0,0,'2020-02-05'),(791,97,94,1,3,'2020-02-08'),(792,57,54,3,0,'2020-02-09'),(793,96,95,1,2,'2020-02-09'),(794,91,90,2,3,'2020-02-09'),(795,87,79,4,2,'2020-02-09'),(796,85,83,1,0,'2020-02-09'),(797,27,35,2,1,'2020-02-15'),(798,45,57,1,1,'2020-02-16'),(799,47,45,0,2,'2020-02-21'),(800,82,91,1,2,'2020-02-21'),(801,34,37,3,0,'2020-02-22'),(802,81,98,1,1,'2020-02-22'),(803,59,66,3,2,'2020-02-23'),(804,85,89,2,3,'2020-02-23'),(805,72,67,1,0,'2020-02-28'),(806,24,29,3,0,'2020-02-29'),(807,26,23,0,0,'2020-03-07'),(808,22,34,1,0,'2020-03-07'),(809,21,36,2,2,'2020-03-07'),(810,40,50,2,0,'2020-03-07'),(811,78,62,0,0,'2020-03-07'),(812,65,76,1,0,'2020-03-07'),(813,1,18,NULL,NULL,NULL),(814,32,27,NULL,NULL,NULL),(815,27,26,NULL,NULL,NULL),(816,32,38,NULL,NULL,NULL),(817,20,30,NULL,NULL,NULL),(818,31,28,NULL,NULL,NULL),(819,38,37,NULL,NULL,NULL),(820,24,37,NULL,NULL,NULL),(821,29,21,NULL,NULL,NULL),(822,33,30,NULL,NULL,NULL),(823,39,40,NULL,NULL,NULL),(824,45,54,NULL,NULL,NULL),(825,52,44,NULL,NULL,NULL),(826,40,53,NULL,NULL,NULL),(827,54,58,NULL,NULL,NULL),(828,53,47,NULL,NULL,NULL),(829,39,56,NULL,NULL,NULL),(830,44,54,NULL,NULL,NULL),(831,48,47,NULL,NULL,NULL),(832,53,42,NULL,NULL,NULL),(833,50,42,NULL,NULL,NULL),(834,56,44,NULL,NULL,NULL),(835,57,41,NULL,NULL,NULL),(836,78,61,NULL,NULL,NULL),(837,63,76,NULL,NULL,NULL),(838,66,68,NULL,NULL,NULL),(839,73,64,NULL,NULL,NULL),(840,73,75,NULL,NULL,NULL),(841,77,76,NULL,NULL,NULL),(842,65,75,NULL,NULL,NULL),(843,70,73,NULL,NULL,NULL),(844,72,74,NULL,NULL,NULL),(845,74,59,NULL,NULL,NULL),(846,95,86,NULL,NULL,NULL),(847,82,96,NULL,NULL,NULL),(848,94,83,NULL,NULL,NULL),(849,92,81,NULL,NULL,NULL),(850,93,92,NULL,NULL,NULL),(851,89,83,NULL,NULL,NULL),(852,87,91,NULL,NULL,NULL),(853,92,80,NULL,NULL,NULL),(854,97,93,NULL,NULL,NULL),(855,85,86,NULL,NULL,NULL),(856,80,91,NULL,NULL,NULL),(857,81,83,NULL,NULL,NULL),(858,84,95,NULL,NULL,NULL),(859,86,92,NULL,NULL,NULL),(860,93,98,NULL,NULL,NULL),(861,49,55,0,1,'2019-08-10'),(862,40,41,3,1,'2019-08-10'),(863,57,47,1,1,'2019-08-11'),(864,52,51,1,2,'2019-08-17'),(865,73,65,1,0,'2019-08-18'),(866,31,24,0,0,'2019-08-24'),(867,7,18,0,3,'2019-08-25'),(868,53,58,4,0,'2019-08-25'),(869,49,45,1,0,'2019-08-27'),(870,77,72,2,0,'2019-08-31'),(871,71,76,1,1,'2019-08-31'),(872,79,82,1,0,'2019-08-31'),(873,85,84,2,1,'2019-09-01'),(874,42,55,0,0,'2019-09-14'),(875,70,67,1,0,'2019-09-14'),(876,32,26,1,1,'2019-09-15'),(877,41,42,2,2,'2019-09-21'),(878,94,97,1,0,'2019-09-22'),(879,80,84,2,2,'2019-09-22'),(880,86,98,0,0,'2019-09-24'),(881,84,94,2,1,'2019-09-25'),(882,3,17,2,2,'2019-09-28'),(883,25,35,0,2,'2019-09-29'),(884,57,49,1,0,'2019-09-29'),(885,67,71,5,0,'2019-09-29'),(886,89,85,4,0,'2019-09-29'),(887,31,38,2,1,'2019-10-05'),(888,71,70,1,0,'2019-10-06'),(889,97,91,0,0,'2019-10-06'),(890,14,18,1,1,'2019-10-19'),(891,52,39,1,1,'2019-10-19'),(892,66,77,2,0,'2019-10-19'),(893,65,69,0,2,'2019-10-19'),(894,50,48,0,1,'2019-10-25'),(895,49,40,0,0,'2019-10-26'),(896,77,73,1,1,'2019-10-26'),(897,87,92,2,2,'2019-10-26'),(898,97,83,1,1,'2019-10-27'),(899,92,86,0,1,'2019-10-29'),(900,76,64,1,2,'2019-11-02'),(901,61,70,1,0,'2019-11-02'),(902,81,87,1,2,'2019-11-02'),(903,23,26,0,1,'2019-11-03'),(904,79,89,1,2,'2019-11-03'),(905,85,98,1,3,'2019-11-03'),(906,51,41,1,1,'2019-11-08'),(907,75,73,1,1,'2019-11-09'),(908,67,59,2,0,'2019-11-09'),(909,63,77,3,0,'2019-11-09'),(910,91,85,0,0,'2019-11-09'),(911,30,38,3,1,'2019-11-10'),(912,68,69,3,1,'2019-11-10'),(913,92,93,2,0,'2019-11-10'),(914,83,84,5,2,'2019-11-10'),(915,43,55,2,1,'2019-11-23'),(916,40,52,1,0,'2019-11-23'),(917,39,57,0,4,'2019-11-23'),(918,80,88,1,3,'2019-11-23'),(919,60,71,2,0,'2019-11-25'),(920,96,85,1,1,'2019-11-25'),(921,75,61,3,2,'2019-11-30'),(922,18,17,2,3,'2019-12-01'),(923,50,58,2,1,'2019-12-01'),(924,78,73,1,1,'2019-12-01'),(925,67,66,2,1,'2019-12-01'),(926,92,79,0,1,'2019-12-01'),(927,91,81,1,2,'2019-12-01'),(928,89,98,3,0,'2019-12-01'),(929,88,95,2,2,'2019-12-01'),(930,83,94,4,3,'2019-12-02'),(931,58,48,1,2,'2019-12-04'),(932,53,50,2,0,'2019-12-04'),(933,78,77,2,0,'2019-12-04'),(934,67,76,2,0,'2019-12-04'),(935,27,19,3,0,'2019-12-07'),(936,61,68,0,3,'2019-12-07'),(937,31,36,1,1,'2019-12-08'),(938,24,26,0,1,'2019-12-08'),(939,2,17,6,1,'2019-12-14'),(940,34,22,2,2,'2019-12-14'),(941,74,77,0,1,'2019-12-14'),(942,23,30,2,2,'2019-12-15'),(943,56,53,0,4,'2019-12-15'),(944,41,57,0,1,'2019-12-15'),(945,82,95,0,2,'2019-12-18'),(946,53,39,4,1,'2019-12-21'),(947,69,67,3,1,'2019-12-21'),(948,75,64,0,2,'2019-12-22'),(949,73,76,1,1,'2019-12-26'),(950,78,69,3,2,'2019-12-27'),(951,76,60,3,0,'2019-12-28'),(952,71,66,1,2,'2019-12-28'),(953,68,78,1,0,'2019-12-29'),(954,63,60,1,2,'2020-01-01'),(955,93,97,0,2,'2020-01-05'),(956,85,95,2,1,'2020-01-05'),(957,90,98,0,1,'2020-01-06'),(958,55,46,0,1,'2020-01-10'),(959,73,77,1,0,'2020-01-10'),(960,47,57,1,0,'2020-01-11'),(961,75,68,0,1,'2020-01-11'),(962,89,91,1,0,'2020-01-11'),(963,98,95,3,0,'2020-01-12'),(964,92,90,2,0,'2020-01-13'),(965,31,35,0,0,'2020-01-18'),(966,88,92,2,1,'2020-01-19'),(967,64,59,2,2,'2020-01-21'),(968,60,76,2,1,'2020-01-21'),(969,25,20,1,1,'2020-01-25'),(970,94,95,0,0,'2020-01-26'),(971,92,98,2,0,'2020-01-26'),(972,91,88,2,1,'2020-01-26'),(973,87,83,1,1,'2020-01-26'),(974,77,68,0,2,'2020-01-29'),(975,30,35,0,1,'2020-02-01'),(976,52,48,3,1,'2020-02-01'),(977,43,42,3,0,'2020-02-01'),(978,77,62,3,3,'2020-02-01'),(979,70,78,0,0,'2020-02-01'),(980,36,19,1,1,'2020-02-02'),(981,50,53,1,2,'2020-02-04'),(982,58,57,0,1,'2020-02-05'),(983,31,33,1,4,'2020-02-09'),(984,37,21,2,2,'2020-02-14'),(985,38,29,2,1,'2020-02-15'),(986,30,19,1,0,'2020-02-15'),(987,22,26,2,1,'2020-02-15'),(988,20,31,0,1,'2020-02-16'),(989,54,55,1,0,'2020-02-16'),(990,98,86,0,0,'2020-02-16'),(991,89,87,2,1,'2020-02-16'),(992,65,71,1,0,'2020-02-22'),(993,35,25,2,1,'2020-02-23'),(994,53,41,4,3,'2020-02-23'),(995,52,46,2,3,'2020-02-28'),(996,28,19,1,1,'2020-02-29'),(997,42,40,0,1,'2020-02-29'),(998,77,74,3,1,'2020-02-29'),(999,50,44,0,1,'2020-03-01'),(1000,75,78,2,3,'2020-03-01'),(1001,46,39,2,2,'2020-03-06'),(1002,68,61,2,1,'2020-03-07'),(1003,35,20,1,4,'2020-03-08'),(1004,56,41,1,1,'2020-03-08'),(1005,79,85,1,2,'2020-03-08'),(1006,36,35,NULL,NULL,NULL),(1007,28,27,NULL,NULL,NULL),(1008,38,36,NULL,NULL,NULL),(1009,20,32,NULL,NULL,NULL),(1010,21,35,NULL,NULL,NULL),(1011,23,19,NULL,NULL,NULL),(1012,36,22,NULL,NULL,NULL),(1013,20,33,NULL,NULL,NULL),(1014,21,30,NULL,NULL,NULL),(1015,23,21,NULL,NULL,NULL),(1016,19,26,NULL,NULL,NULL),(1017,22,31,NULL,NULL,NULL),(1018,30,27,NULL,NULL,NULL),(1019,33,38,NULL,NULL,NULL),(1020,21,34,NULL,NULL,NULL),(1021,31,30,NULL,NULL,NULL),(1022,38,24,NULL,NULL,NULL),(1023,43,39,NULL,NULL,NULL),(1024,52,41,NULL,NULL,NULL),(1025,57,43,NULL,NULL,NULL),(1026,41,58,NULL,NULL,NULL),(1027,43,40,NULL,NULL,NULL),(1028,55,47,NULL,NULL,NULL),(1029,43,45,NULL,NULL,NULL),(1030,49,41,NULL,NULL,NULL),(1031,51,50,NULL,NULL,NULL),(1032,57,46,NULL,NULL,NULL),(1033,45,49,NULL,NULL,NULL),(1034,75,59,NULL,NULL,NULL),(1035,62,69,NULL,NULL,NULL),(1036,62,68,NULL,NULL,NULL),(1037,77,63,NULL,NULL,NULL),(1038,74,69,NULL,NULL,NULL),(1039,62,71,NULL,NULL,NULL),(1040,77,60,NULL,NULL,NULL),(1041,67,62,NULL,NULL,NULL),(1042,71,73,NULL,NULL,NULL),(1043,91,96,NULL,NULL,NULL),(1044,89,84,NULL,NULL,NULL),(1045,93,94,NULL,NULL,NULL),(1046,85,90,NULL,NULL,NULL),(1047,79,92,NULL,NULL,NULL),(1048,93,86,NULL,NULL,NULL),(1049,84,86,NULL,NULL,NULL),(1050,88,80,NULL,NULL,NULL),(1051,89,95,NULL,NULL,NULL),(1052,79,88,NULL,NULL,NULL),(1053,86,87,NULL,NULL,NULL),(1054,95,90,NULL,NULL,NULL),(1055,94,96,NULL,NULL,NULL),(1056,83,98,NULL,NULL,NULL),(1057,85,87,NULL,NULL,NULL),(1058,84,81,NULL,NULL,NULL),(1059,98,90,NULL,NULL,NULL),(1060,82,94,NULL,NULL,NULL),(1061,90,94,NULL,NULL,NULL),(1062,43,56,1,2,'2019-08-10'),(1063,77,69,0,5,'2019-08-10'),(1064,65,66,0,0,'2019-08-10'),(1065,44,50,2,1,'2019-08-11'),(1066,38,27,4,4,'2019-08-17'),(1067,50,46,0,0,'2019-08-17'),(1068,47,48,3,0,'2019-08-17'),(1069,41,49,1,1,'2019-08-17'),(1070,62,77,1,1,'2019-08-17'),(1071,21,26,1,0,'2019-08-18'),(1072,28,21,0,1,'2019-08-25'),(1073,48,52,2,2,'2019-08-25'),(1074,86,81,1,1,'2019-08-25'),(1075,50,49,1,0,'2019-08-31'),(1076,38,33,2,2,'2019-09-01'),(1077,21,24,3,2,'2019-09-01'),(1078,43,52,0,0,'2019-09-14'),(1079,84,88,0,0,'2019-09-14'),(1080,19,36,0,1,'2019-09-15'),(1081,46,49,1,1,'2019-09-21'),(1082,69,76,8,0,'2019-09-21'),(1083,25,34,1,3,'2019-09-22'),(1084,40,56,4,1,'2019-09-22'),(1085,81,93,1,2,'2019-09-22'),(1086,48,51,3,1,'2019-09-24'),(1087,30,21,0,2,'2019-09-25'),(1088,28,20,1,1,'2019-09-25'),(1089,54,43,1,2,'2019-09-28'),(1090,75,74,2,1,'2019-09-28'),(1091,36,34,3,2,'2019-09-29'),(1092,24,23,2,0,'2019-09-29'),(1093,52,56,0,1,'2019-09-29'),(1094,58,41,1,3,'2019-10-05'),(1095,43,57,1,0,'2019-10-05'),(1096,55,54,0,1,'2019-10-06'),(1097,93,83,1,1,'2019-10-06'),(1098,51,53,1,4,'2019-10-18'),(1099,30,33,1,0,'2019-10-19'),(1100,58,44,2,1,'2019-10-19'),(1101,36,29,1,0,'2019-10-20'),(1102,46,57,2,0,'2019-10-20'),(1103,41,56,0,1,'2019-10-20'),(1104,94,93,0,0,'2019-10-20'),(1105,38,19,4,1,'2019-10-25'),(1106,35,24,2,0,'2019-10-26'),(1107,28,30,1,0,'2019-10-26'),(1108,76,61,0,0,'2019-10-26'),(1109,69,60,3,0,'2019-10-26'),(1110,31,37,3,1,'2019-10-27'),(1111,29,25,0,1,'2019-10-27'),(1112,55,58,3,2,'2019-10-27'),(1113,59,65,2,2,'2019-10-27'),(1114,19,21,1,1,'2019-10-29'),(1115,95,84,1,2,'2019-10-30'),(1116,59,78,1,1,'2019-11-02'),(1117,97,88,0,1,'2019-11-02'),(1118,38,20,0,0,'2019-11-03'),(1119,41,50,2,0,'2019-11-03'),(1120,96,94,0,1,'2019-11-04'),(1121,64,65,2,0,'2019-11-09'),(1122,87,86,2,1,'2019-11-09'),(1123,98,96,0,0,'2019-11-10'),(1124,5,18,0,2,'2019-11-23'),(1125,42,50,1,1,'2019-11-23'),(1126,62,67,0,2,'2019-11-23'),(1127,35,36,0,1,'2019-11-24'),(1128,31,20,1,2,'2019-11-24'),(1129,25,26,1,1,'2019-11-24'),(1130,71,69,2,2,'2019-11-30'),(1131,63,65,0,2,'2019-11-30'),(1132,20,27,2,0,'2019-12-01'),(1133,70,60,2,2,'2019-12-01'),(1134,63,69,1,4,'2019-12-03'),(1135,74,72,2,1,'2019-12-04'),(1136,70,75,2,1,'2019-12-04'),(1137,66,64,3,1,'2019-12-07'),(1138,50,43,1,0,'2019-12-08'),(1139,97,84,2,1,'2019-12-08'),(1140,68,76,2,0,'2019-12-14'),(1141,70,66,1,1,'2019-12-15'),(1142,22,33,0,0,'2019-12-18'),(1143,24,27,3,0,'2019-12-20'),(1144,22,19,4,1,'2019-12-21'),(1145,62,73,0,1,'2019-12-21'),(1146,31,34,3,4,'2019-12-22'),(1147,28,25,2,0,'2019-12-22'),(1148,32,21,1,2,'2019-12-22'),(1149,95,91,1,2,'2019-12-22'),(1150,90,81,2,3,'2019-12-22'),(1151,70,71,4,1,'2019-12-26'),(1152,77,67,1,2,'2019-12-28'),(1153,77,61,4,0,'2020-01-01'),(1154,69,66,2,1,'2020-01-01'),(1155,79,94,0,0,'2020-01-06'),(1156,87,80,1,1,'2020-01-11'),(1157,43,44,1,0,'2020-01-12'),(1158,69,65,2,2,'2020-01-18'),(1159,95,97,2,1,'2020-01-18'),(1160,91,84,0,2,'2020-01-18'),(1161,22,27,1,0,'2020-01-19'),(1162,20,23,1,1,'2020-01-19'),(1163,61,62,3,1,'2020-01-21'),(1164,78,68,1,2,'2020-01-23'),(1165,31,29,2,0,'2020-01-24'),(1166,93,89,1,1,'2020-01-26'),(1167,83,92,2,2,'2020-02-01'),(1168,24,32,1,1,'2020-02-02'),(1169,40,44,0,2,'2020-02-07'),(1170,29,28,2,0,'2020-02-08'),(1171,51,52,1,3,'2020-02-08'),(1172,46,58,1,0,'2020-02-08'),(1173,39,48,1,2,'2020-02-08'),(1174,86,88,2,1,'2020-02-08'),(1175,48,49,1,0,'2020-02-14'),(1176,80,93,2,1,'2020-02-15'),(1177,51,42,2,2,'2020-02-21'),(1178,23,28,1,0,'2020-02-22'),(1179,63,61,3,0,'2020-02-22'),(1180,56,54,1,1,'2020-02-23'),(1181,27,23,0,0,'2020-02-29'),(1182,76,68,3,0,'2020-02-29'),(1183,62,65,0,1,'2020-02-29'),(1184,61,64,2,2,'2020-02-29'),(1185,91,97,1,1,'2020-02-29'),(1186,43,58,2,1,'2020-03-07'),(1187,12,18,NULL,NULL,NULL),(1188,15,18,NULL,NULL,NULL),(1189,19,34,NULL,NULL,NULL),(1190,28,35,NULL,NULL,NULL),(1191,28,36,NULL,NULL,NULL),(1192,35,29,NULL,NULL,NULL),(1193,37,20,NULL,NULL,NULL),(1194,23,22,NULL,NULL,NULL),(1195,35,26,NULL,NULL,NULL),(1196,26,24,NULL,NULL,NULL),(1197,37,31,NULL,NULL,NULL),(1198,26,38,NULL,NULL,NULL),(1199,24,35,NULL,NULL,NULL),(1200,27,20,NULL,NULL,NULL),(1201,49,46,NULL,NULL,NULL),(1202,46,51,NULL,NULL,NULL),(1203,50,39,NULL,NULL,NULL),(1204,58,50,NULL,NULL,NULL),(1205,41,39,NULL,NULL,NULL),(1206,47,44,NULL,NULL,NULL),(1207,39,55,NULL,NULL,NULL),(1208,41,54,NULL,NULL,NULL),(1209,47,40,NULL,NULL,NULL),(1210,54,46,NULL,NULL,NULL),(1211,55,48,NULL,NULL,NULL),(1212,68,65,NULL,NULL,NULL),(1213,68,63,NULL,NULL,NULL),(1214,68,60,NULL,NULL,NULL),(1215,69,68,NULL,NULL,NULL),(1216,76,74,NULL,NULL,NULL),(1217,63,78,NULL,NULL,NULL),(1218,64,72,NULL,NULL,NULL),(1219,67,73,NULL,NULL,NULL),(1220,71,75,NULL,NULL,NULL),(1221,74,62,NULL,NULL,NULL),(1222,73,66,NULL,NULL,NULL),(1223,76,69,NULL,NULL,NULL),(1224,78,65,NULL,NULL,NULL),(1225,71,60,NULL,NULL,NULL),(1226,82,85,NULL,NULL,NULL),(1227,84,97,NULL,NULL,NULL),(1228,93,87,NULL,NULL,NULL),(1229,80,82,NULL,NULL,NULL),(1230,87,81,NULL,NULL,NULL),(1231,87,84,NULL,NULL,NULL),(1232,95,79,NULL,NULL,NULL),(1233,81,90,NULL,NULL,NULL),(1234,93,84,NULL,NULL,NULL),(1235,96,79,NULL,NULL,NULL),(1236,46,54,0,2,'2019-08-10'),(1237,20,22,1,0,'2019-08-16'),(1238,39,44,1,0,'2019-08-17'),(1239,60,66,2,0,'2019-08-23'),(1240,23,37,1,0,'2019-08-24'),(1241,42,54,1,0,'2019-08-24'),(1242,72,64,2,3,'2019-08-24'),(1243,75,71,0,1,'2019-08-25'),(1244,61,69,1,3,'2019-08-25'),(1245,87,90,4,0,'2019-08-26'),(1246,47,53,0,2,'2019-08-30'),(1247,58,39,2,0,'2019-08-31'),(1248,65,60,1,0,'2019-08-31'),(1249,55,51,1,2,'2019-09-01'),(1250,83,87,1,2,'2019-09-01'),(1251,39,45,2,2,'2019-09-13'),(1252,75,65,4,0,'2019-09-14'),(1253,62,63,1,1,'2019-09-14'),(1254,23,27,0,2,'2019-09-15'),(1255,56,58,2,2,'2019-09-15'),(1256,61,66,3,1,'2019-09-15'),(1257,29,24,0,0,'2019-09-21'),(1258,21,23,0,0,'2019-09-21'),(1259,52,58,1,0,'2019-09-21'),(1260,47,39,1,2,'2019-09-21'),(1261,71,62,0,0,'2019-09-21'),(1262,67,75,2,1,'2019-09-21'),(1263,45,53,0,1,'2019-09-22'),(1264,90,91,1,4,'2019-09-22'),(1265,35,27,1,1,'2019-09-24'),(1266,37,26,3,3,'2019-09-25'),(1267,56,47,0,1,'2019-09-25'),(1268,53,54,0,2,'2019-09-25'),(1269,91,83,0,1,'2019-09-25'),(1270,97,79,2,1,'2019-09-26'),(1271,40,39,1,1,'2019-09-28'),(1272,88,96,2,0,'2019-09-28'),(1273,90,93,0,1,'2019-09-29'),(1274,32,24,1,1,'2019-10-04'),(1275,53,40,4,0,'2019-10-05'),(1276,42,47,2,0,'2019-10-05'),(1277,77,65,1,2,'2019-10-05'),(1278,86,94,2,0,'2019-10-05'),(1279,34,26,1,2,'2019-10-06'),(1280,56,45,1,0,'2019-10-06'),(1281,69,78,0,2,'2019-10-06'),(1282,81,89,2,2,'2019-10-06'),(1283,26,28,2,0,'2019-10-19'),(1284,24,22,0,3,'2019-10-19'),(1285,91,86,2,0,'2019-10-19'),(1286,88,81,2,1,'2019-10-19'),(1287,48,55,3,2,'2019-10-20'),(1288,98,97,1,0,'2019-10-20'),(1289,95,87,3,4,'2019-10-20'),(1290,82,84,0,0,'2019-10-21'),(1291,10,17,2,2,'2019-10-26'),(1292,57,51,1,0,'2019-10-26'),(1293,42,43,2,0,'2019-10-26'),(1294,62,66,3,2,'2019-10-26'),(1295,80,98,7,1,'2019-10-27'),(1296,82,87,1,2,'2019-10-29'),(1297,98,93,0,4,'2019-10-30'),(1298,94,90,1,1,'2019-10-30'),(1299,91,80,2,2,'2019-10-30'),(1300,30,31,2,2,'2019-10-31'),(1301,33,32,0,0,'2019-11-02'),(1302,27,34,1,2,'2019-11-03'),(1303,80,83,0,2,'2019-11-03'),(1304,72,76,0,2,'2019-11-08'),(1305,37,27,2,0,'2019-11-09'),(1306,57,52,4,1,'2019-11-09'),(1307,26,31,0,0,'2019-11-10'),(1308,32,36,1,2,'2019-11-10'),(1309,21,25,3,1,'2019-11-10'),(1310,78,60,2,1,'2019-11-10'),(1311,89,90,4,2,'2019-11-10'),(1312,27,21,1,1,'2019-11-23'),(1313,66,72,0,2,'2019-11-23'),(1314,56,49,0,0,'2019-11-24'),(1315,81,92,2,2,'2019-11-24'),(1316,49,39,4,2,'2019-11-30'),(1317,44,43,1,0,'2019-11-30'),(1318,36,28,1,0,'2019-12-01'),(1319,26,29,4,0,'2019-12-01'),(1320,64,60,2,1,'2019-12-04'),(1321,44,42,1,0,'2019-12-06'),(1322,75,63,5,0,'2019-12-07'),(1323,69,70,1,2,'2019-12-07'),(1324,35,34,0,0,'2019-12-08'),(1325,28,23,3,2,'2019-12-08'),(1326,46,41,3,1,'2019-12-08'),(1327,72,73,1,2,'2019-12-08'),(1328,71,74,2,1,'2019-12-08'),(1329,94,92,0,1,'2019-12-08'),(1330,21,31,2,0,'2019-12-14'),(1331,52,50,0,1,'2019-12-14'),(1332,91,92,1,2,'2019-12-14'),(1333,65,62,1,1,'2019-12-16'),(1334,9,17,1,0,'2019-12-21'),(1335,38,26,1,0,'2019-12-21'),(1336,43,47,2,2,'2019-12-21'),(1337,29,23,3,1,'2019-12-22'),(1338,80,79,5,0,'2019-12-22'),(1339,65,77,2,1,'2019-12-26'),(1340,60,72,1,0,'2019-12-26'),(1341,59,64,1,2,'2019-12-29'),(1342,68,73,2,0,'2020-01-02'),(1343,35,28,2,2,'2020-01-03'),(1344,36,20,1,1,'2020-01-03'),(1345,37,24,1,0,'2020-01-04'),(1346,21,29,2,1,'2020-01-04'),(1347,83,79,0,2,'2020-01-11'),(1348,61,76,0,3,'2020-01-12'),(1349,28,26,0,3,'2020-01-17'),(1350,89,94,5,1,'2020-01-18'),(1351,68,70,2,0,'2020-01-19'),(1352,75,72,2,1,'2020-01-22'),(1353,67,77,4,1,'2020-01-22'),(1354,56,52,2,1,'2020-01-25'),(1355,49,43,2,1,'2020-01-25'),(1356,97,80,0,7,'2020-01-25'),(1357,96,81,1,3,'2020-01-25'),(1358,57,44,1,2,'2020-02-01'),(1359,39,58,0,0,'2020-02-01'),(1360,61,60,2,1,'2020-02-01'),(1361,81,82,2,1,'2020-02-01'),(1362,28,34,2,1,'2020-02-02'),(1363,22,29,2,1,'2020-02-02'),(1364,51,45,2,1,'2020-02-02'),(1365,41,46,0,0,'2020-02-02'),(1366,98,87,0,2,'2020-02-02'),(1367,48,40,1,0,'2020-02-04'),(1368,49,47,1,1,'2020-02-05'),(1369,89,86,0,0,'2020-02-05'),(1370,55,42,0,0,'2020-02-08'),(1371,62,76,1,1,'2020-02-08'),(1372,34,20,2,1,'2020-02-09'),(1373,25,30,1,0,'2020-02-09'),(1374,92,89,0,1,'2020-02-09'),(1375,41,43,2,2,'2020-02-15'),(1376,59,71,4,0,'2020-02-16'),(1377,95,92,0,1,'2020-02-16'),(1378,94,84,1,5,'2020-02-16'),(1379,46,50,1,3,'2020-02-22'),(1380,40,49,1,0,'2020-02-22'),(1381,70,76,3,0,'2020-02-23'),(1382,93,90,4,0,'2020-02-23'),(1383,58,55,0,2,'2020-02-29'),(1384,16,18,2,2,'2020-03-01'),(1385,36,31,3,2,'2020-03-01'),(1386,25,21,1,1,'2020-03-01'),(1387,41,51,1,1,'2020-03-01'),(1388,7,17,2,2,'2020-03-07'),(1389,47,52,2,1,'2020-03-07'),(1390,15,17,NULL,NULL,NULL),(1391,29,34,NULL,NULL,NULL),(1392,35,19,NULL,NULL,NULL),(1393,24,28,NULL,NULL,NULL),(1394,30,29,NULL,NULL,NULL),(1395,37,35,NULL,NULL,NULL),(1396,36,30,NULL,NULL,NULL),(1397,37,25,NULL,NULL,NULL),(1398,25,23,NULL,NULL,NULL),(1399,28,33,NULL,NULL,NULL),(1400,56,57,NULL,NULL,NULL),(1401,55,45,NULL,NULL,NULL),(1402,57,53,NULL,NULL,NULL),(1403,48,56,NULL,NULL,NULL),(1404,57,42,NULL,NULL,NULL),(1405,42,48,NULL,NULL,NULL),(1406,46,43,NULL,NULL,NULL),(1407,50,45,NULL,NULL,NULL),(1408,58,52,NULL,NULL,NULL),(1409,52,57,NULL,NULL,NULL),(1410,58,53,NULL,NULL,NULL),(1411,44,39,NULL,NULL,NULL),(1412,48,58,NULL,NULL,NULL),(1413,53,55,NULL,NULL,NULL),(1414,77,78,NULL,NULL,NULL),(1415,75,70,NULL,NULL,NULL),(1416,65,64,NULL,NULL,NULL),(1417,61,75,NULL,NULL,NULL),(1418,75,66,NULL,NULL,NULL),(1419,60,78,NULL,NULL,NULL),(1420,59,68,NULL,NULL,NULL),(1421,70,77,NULL,NULL,NULL),(1422,59,76,NULL,NULL,NULL),(1423,63,62,NULL,NULL,NULL),(1424,67,70,NULL,NULL,NULL),(1425,60,73,NULL,NULL,NULL),(1426,69,71,NULL,NULL,NULL),(1427,97,92,NULL,NULL,NULL),(1428,90,79,NULL,NULL,NULL),(1429,85,92,NULL,NULL,NULL),(1430,83,90,NULL,NULL,NULL),(1431,84,83,NULL,NULL,NULL),(1432,91,93,NULL,NULL,NULL),(1433,92,91,NULL,NULL,NULL),(1434,82,92,NULL,NULL,NULL),(1435,96,97,NULL,NULL,NULL),(1436,81,97,NULL,NULL,NULL),(1437,91,89,NULL,NULL,NULL),(1438,95,98,NULL,NULL,NULL),(1439,96,84,NULL,NULL,NULL),(1440,42,58,1,1,'2019-08-10'),(1441,28,31,0,1,'2019-08-17'),(1442,23,33,1,3,'2019-08-17'),(1443,69,75,2,2,'2019-08-17'),(1444,64,67,1,1,'2019-08-18'),(1445,78,70,1,1,'2019-08-19'),(1446,33,35,1,1,'2019-08-24'),(1447,76,77,1,3,'2019-08-24'),(1448,70,65,1,2,'2019-08-24'),(1449,68,59,3,1,'2019-08-24'),(1450,92,88,0,1,'2019-08-24'),(1451,51,46,1,2,'2019-08-28'),(1452,81,96,1,0,'2019-08-30'),(1453,45,41,1,1,'2019-08-31'),(1454,64,73,2,2,'2019-08-31'),(1455,37,30,2,0,'2019-09-01'),(1456,66,78,3,2,'2019-09-01'),(1457,59,75,2,2,'2019-09-01'),(1458,28,38,0,3,'2019-09-14'),(1459,50,54,1,0,'2019-09-15'),(1460,86,79,0,1,'2019-09-15'),(1461,96,89,2,1,'2019-09-15'),(1462,98,82,0,1,'2019-09-21'),(1463,88,86,2,1,'2019-09-21'),(1464,59,60,3,2,'2019-09-22'),(1465,95,96,3,0,'2019-09-22'),(1466,27,28,1,0,'2019-09-28'),(1467,26,22,0,2,'2019-09-28'),(1468,51,44,1,1,'2019-09-28'),(1469,66,69,1,3,'2019-09-28'),(1470,5,17,2,2,'2019-10-06'),(1471,30,25,2,0,'2019-10-06'),(1472,75,76,1,1,'2019-10-19'),(1473,64,71,1,0,'2019-10-19'),(1474,45,47,2,0,'2019-10-26'),(1475,90,88,1,1,'2019-10-26'),(1476,56,39,2,2,'2019-10-27'),(1477,68,75,2,1,'2019-10-27'),(1478,34,29,1,2,'2019-10-30'),(1479,33,28,5,0,'2019-10-30'),(1480,3,18,3,0,'2019-11-02'),(1481,58,45,2,3,'2019-11-02'),(1482,73,63,3,0,'2019-11-02'),(1483,62,72,2,0,'2019-11-02'),(1484,93,91,2,1,'2019-11-02'),(1485,66,75,1,1,'2019-11-03'),(1486,90,95,2,2,'2019-11-03'),(1487,22,23,4,1,'2019-11-09'),(1488,19,35,3,0,'2019-11-09'),(1489,44,47,0,0,'2019-11-09'),(1490,50,56,2,3,'2019-11-10'),(1491,29,30,2,1,'2019-11-22'),(1492,76,63,0,3,'2019-11-23'),(1493,65,68,1,2,'2019-11-23'),(1494,59,74,2,2,'2019-11-23'),(1495,97,87,0,3,'2019-11-23'),(1496,46,42,2,1,'2019-11-29'),(1497,19,33,1,2,'2019-11-30'),(1498,56,51,4,1,'2019-12-04'),(1499,68,66,5,2,'2019-12-04'),(1500,73,71,0,2,'2019-12-05'),(1501,38,21,0,0,'2019-12-06'),(1502,29,37,2,4,'2019-12-07'),(1503,57,58,4,2,'2019-12-07'),(1504,98,91,1,1,'2019-12-07'),(1505,54,56,3,1,'2019-12-08'),(1506,62,78,2,2,'2019-12-08'),(1507,90,85,2,2,'2019-12-08'),(1508,19,28,1,1,'2019-12-13'),(1509,27,29,1,2,'2019-12-14'),(1510,25,32,2,2,'2019-12-15'),(1511,93,96,3,1,'2019-12-15'),(1512,83,89,1,2,'2019-12-16'),(1513,84,93,1,4,'2019-12-20'),(1514,30,36,0,2,'2019-12-21'),(1515,72,78,1,2,'2019-12-21'),(1516,71,65,1,0,'2019-12-21'),(1517,61,63,0,1,'2019-12-21'),(1518,76,70,0,0,'2019-12-22'),(1519,75,62,2,1,'2019-12-26'),(1520,66,63,1,0,'2019-12-26'),(1521,72,65,1,1,'2020-01-01'),(1522,26,33,0,3,'2020-01-04'),(1523,27,30,1,0,'2020-01-05'),(1524,96,86,0,2,'2020-01-05'),(1525,82,89,1,2,'2020-01-05'),(1526,91,87,1,3,'2020-01-06'),(1527,88,83,4,0,'2020-01-06'),(1528,80,92,5,0,'2020-01-06'),(1529,58,42,2,5,'2020-01-11'),(1530,70,72,4,0,'2020-01-11'),(1531,24,21,2,0,'2020-01-18'),(1532,72,61,1,0,'2020-01-18'),(1533,63,67,2,1,'2020-01-19'),(1534,79,98,3,2,'2020-01-19'),(1535,73,69,0,1,'2020-01-21'),(1536,65,74,0,2,'2020-01-21'),(1537,36,27,2,0,'2020-01-25'),(1538,19,38,1,2,'2020-01-25'),(1539,21,28,0,0,'2020-01-26'),(1540,37,23,1,0,'2020-02-01'),(1541,67,64,2,2,'2020-02-01'),(1542,63,59,0,0,'2020-02-02'),(1543,54,51,1,1,'2020-02-05'),(1544,52,43,2,0,'2020-02-05'),(1545,35,38,1,1,'2020-02-08'),(1546,26,37,3,0,'2020-02-08'),(1547,43,50,3,3,'2020-02-08'),(1548,72,68,0,1,'2020-02-15'),(1549,44,46,1,2,'2020-02-16'),(1550,79,97,1,0,'2020-02-17'),(1551,96,88,1,2,'2020-02-22'),(1552,31,27,0,3,'2020-02-23'),(1553,26,36,0,3,'2020-02-23'),(1554,19,20,2,1,'2020-02-23'),(1555,55,52,2,1,'2020-02-23'),(1556,37,32,2,1,'2020-02-29'),(1557,53,43,4,0,'2020-02-29'),(1558,39,47,0,1,'2020-02-29'),(1559,71,63,0,0,'2020-02-29'),(1560,30,26,0,1,'2020-03-01'),(1561,45,56,2,0,'2020-03-01'),(1562,24,30,1,2,'2020-03-07'),(1563,74,71,0,1,'2020-03-07'),(1564,38,28,1,2,'2020-03-08'),(1565,31,25,1,0,'2020-03-08'),(1566,32,33,2,1,'2020-03-08'),(1567,98,84,0,0,'2020-03-08'),(1568,17,18,NULL,NULL,NULL),(1569,31,21,NULL,NULL,NULL),(1570,34,31,NULL,NULL,NULL),(1571,37,29,NULL,NULL,NULL),(1572,19,31,NULL,NULL,NULL),(1573,34,23,NULL,NULL,NULL),(1574,31,26,NULL,NULL,NULL),(1575,22,25,NULL,NULL,NULL),(1576,34,27,NULL,NULL,NULL),(1577,32,19,NULL,NULL,NULL),(1578,44,48,NULL,NULL,NULL),(1579,50,52,NULL,NULL,NULL),(1580,58,47,NULL,NULL,NULL),(1581,42,49,NULL,NULL,NULL),(1582,45,48,NULL,NULL,NULL),(1583,54,53,NULL,NULL,NULL),(1584,52,49,NULL,NULL,NULL),(1585,45,52,NULL,NULL,NULL),(1586,42,46,NULL,NULL,NULL),(1587,58,56,NULL,NULL,NULL),(1588,46,48,NULL,NULL,NULL),(1589,55,43,NULL,NULL,NULL),(1590,41,44,NULL,NULL,NULL),(1591,58,49,NULL,NULL,NULL),(1592,75,77,NULL,NULL,NULL),(1593,60,59,NULL,NULL,NULL),(1594,61,67,NULL,NULL,NULL),(1595,73,78,NULL,NULL,NULL),(1596,59,67,NULL,NULL,NULL),(1597,67,65,NULL,NULL,NULL),(1598,66,60,NULL,NULL,NULL),(1599,68,64,NULL,NULL,NULL),(1600,64,78,NULL,NULL,NULL),(1601,60,64,NULL,NULL,NULL),(1602,69,63,NULL,NULL,NULL),(1603,76,67,NULL,NULL,NULL),(1604,92,87,NULL,NULL,NULL),(1605,94,81,NULL,NULL,NULL),(1606,86,83,NULL,NULL,NULL),(1607,81,88,NULL,NULL,NULL),(1608,88,89,NULL,NULL,NULL),(1609,92,94,NULL,NULL,NULL),(1610,97,85,NULL,NULL,NULL),(1611,87,97,NULL,NULL,NULL),(1612,98,94,NULL,NULL,NULL),(1613,85,91,NULL,NULL,NULL),(1614,90,89,NULL,NULL,NULL),(1615,82,86,NULL,NULL,NULL),(1616,97,86,NULL,NULL,NULL),(1617,86,89,NULL,NULL,NULL),(1618,83,88,NULL,NULL,NULL),(1619,94,79,NULL,NULL,NULL),(1620,86,96,NULL,NULL,NULL),(1621,79,83,NULL,NULL,NULL),(1622,97,89,NULL,NULL,NULL),(1623,76,62,0,3,'2019-08-10'),(1624,61,73,1,1,'2019-08-10'),(1625,30,24,2,1,'2019-08-17'),(1626,58,43,1,0,'2019-08-17'),(1627,74,68,1,2,'2019-08-17'),(1628,59,63,2,1,'2019-08-17'),(1629,32,35,1,2,'2019-08-18'),(1630,19,29,1,0,'2019-08-18'),(1631,54,57,0,0,'2019-08-18'),(1632,39,50,1,2,'2019-08-24'),(1633,62,74,0,2,'2019-08-24'),(1634,93,85,3,3,'2019-08-25'),(1635,31,22,2,2,'2019-08-31'),(1636,29,35,2,0,'2019-08-31'),(1637,32,28,2,1,'2019-08-31'),(1638,52,42,3,0,'2019-08-31'),(1639,74,70,1,1,'2019-08-31'),(1640,67,61,3,1,'2019-08-31'),(1641,88,91,4,3,'2019-08-31'),(1642,46,56,1,0,'2019-09-01'),(1643,98,92,1,3,'2019-09-01'),(1644,90,86,0,1,'2019-09-01'),(1645,30,20,0,0,'2019-09-13'),(1646,44,40,2,1,'2019-09-13'),(1647,33,29,3,2,'2019-09-14'),(1648,53,57,1,0,'2019-09-14'),(1649,49,51,2,1,'2019-09-14'),(1650,78,64,2,5,'2019-09-14'),(1651,87,98,1,0,'2019-09-14'),(1652,85,80,1,2,'2019-09-15'),(1653,82,81,3,4,'2019-09-15'),(1654,66,73,0,2,'2019-09-21'),(1655,79,87,0,2,'2019-09-21'),(1656,65,78,1,1,'2019-09-22'),(1657,50,55,1,0,'2019-09-25'),(1658,96,90,1,3,'2019-09-25'),(1659,20,37,0,1,'2019-09-28'),(1660,48,42,4,1,'2019-09-28'),(1661,95,80,1,4,'2019-09-28'),(1662,94,87,1,3,'2019-09-28'),(1663,98,81,1,0,'2019-09-29'),(1664,83,86,1,2,'2019-09-29'),(1665,92,97,3,2,'2019-09-30'),(1666,39,46,3,1,'2019-10-04'),(1667,50,51,1,0,'2019-10-05'),(1668,76,73,0,0,'2019-10-05'),(1669,63,66,1,0,'2019-10-05'),(1670,85,79,1,2,'2019-10-05'),(1671,74,64,1,4,'2019-10-06'),(1672,27,31,1,0,'2019-10-18'),(1673,40,42,0,1,'2019-10-19'),(1674,60,62,2,1,'2019-10-19'),(1675,20,35,1,1,'2019-10-20'),(1676,79,90,2,2,'2019-10-20'),(1677,73,59,1,0,'2019-10-21'),(1678,63,64,2,4,'2019-10-26'),(1679,96,91,1,1,'2019-10-27'),(1680,81,94,2,1,'2019-10-27'),(1681,22,35,5,1,'2019-10-29'),(1682,89,97,4,0,'2019-10-30'),(1683,79,96,1,0,'2019-10-31'),(1684,60,68,1,2,'2019-11-02'),(1685,51,54,2,0,'2019-11-03'),(1686,84,92,1,1,'2019-11-03'),(1687,54,40,0,0,'2019-11-09'),(1688,55,39,3,1,'2019-11-10'),(1689,49,58,3,0,'2019-11-10'),(1690,45,51,2,1,'2019-11-23'),(1691,58,46,0,2,'2019-11-24'),(1692,94,98,2,1,'2019-11-24'),(1693,90,83,2,2,'2019-11-25'),(1694,34,24,4,1,'2019-11-30'),(1695,30,32,1,2,'2019-11-30'),(1696,51,40,3,1,'2019-11-30'),(1697,85,97,0,1,'2019-11-30'),(1698,84,90,0,1,'2019-11-30'),(1699,25,31,2,4,'2019-12-01'),(1700,72,59,2,2,'2019-12-01'),(1701,86,93,1,3,'2019-12-01'),(1702,87,96,2,1,'2019-12-01'),(1703,45,44,0,1,'2019-12-03'),(1704,41,52,6,0,'2019-12-03'),(1705,89,88,3,1,'2019-12-07'),(1706,95,83,2,2,'2019-12-08'),(1707,40,48,0,0,'2019-12-14'),(1708,73,60,2,0,'2019-12-14'),(1709,82,90,3,0,'2019-12-14'),(1710,78,75,1,2,'2019-12-15'),(1711,88,98,3,1,'2019-12-15'),(1712,81,80,2,1,'2019-12-15'),(1713,94,88,1,2,'2019-12-18'),(1714,51,58,3,0,'2019-12-21'),(1715,49,42,4,0,'2019-12-21'),(1716,66,59,0,0,'2019-12-21'),(1717,98,83,2,1,'2019-12-21'),(1718,87,85,4,0,'2019-12-21'),(1719,92,82,1,1,'2019-12-22'),(1720,64,74,0,2,'2019-12-26'),(1721,72,75,2,2,'2019-12-28'),(1722,81,84,1,1,'2020-01-06'),(1723,52,54,2,0,'2020-01-11'),(1724,40,51,1,1,'2020-01-11'),(1725,67,74,1,2,'2020-01-11'),(1726,53,48,3,3,'2020-01-12'),(1727,93,88,1,2,'2020-01-12'),(1728,48,53,1,4,'2020-01-15'),(1729,9,18,3,1,'2020-01-18'),(1730,85,93,1,3,'2020-01-19'),(1731,82,83,2,2,'2020-01-19'),(1732,80,96,1,2,'2020-01-20'),(1733,51,55,1,1,'2020-01-24'),(1734,34,30,3,0,'2020-01-26'),(1735,26,32,1,0,'2020-01-26'),(1736,50,41,0,1,'2020-01-26'),(1737,1,17,2,1,'2020-02-01'),(1738,27,25,2,1,'2020-02-01'),(1739,53,49,5,0,'2020-02-01'),(1740,71,72,0,0,'2020-02-01'),(1741,65,73,0,1,'2020-02-01'),(1742,95,93,4,2,'2020-02-01'),(1743,79,86,1,1,'2020-02-02'),(1744,44,55,1,0,'2020-02-04'),(1745,19,24,2,1,'2020-02-07'),(1746,21,27,1,0,'2020-02-08'),(1747,23,36,2,1,'2020-02-09'),(1748,53,45,4,2,'2020-02-09'),(1749,49,56,1,0,'2020-02-09'),(1750,14,17,3,0,'2020-02-15'),(1751,8,18,2,3,'2020-02-15'),(1752,58,51,0,2,'2020-02-15'),(1753,50,47,0,0,'2020-02-15'),(1754,81,85,0,3,'2020-02-15'),(1755,42,56,3,2,'2020-02-16'),(1756,83,91,0,1,'2020-02-16'),(1757,57,39,0,0,'2020-02-22'),(1758,64,75,2,1,'2020-02-22'),(1759,21,38,3,1,'2020-02-23'),(1760,78,72,3,0,'2020-02-23'),(1761,34,35,1,0,'2020-02-28'),(1762,49,57,3,0,'2020-02-29'),(1763,20,38,1,0,'2020-03-01'),(1764,66,70,1,1,'2020-03-01'),(1765,83,93,3,4,'2020-03-01'),(1766,54,42,1,0,'2020-03-07'),(1767,59,77,1,0,'2020-03-07'),(1768,29,27,1,1,'2020-03-08'),(1769,70,69,2,0,'2020-03-08'),(1770,64,66,4,0,'2020-03-08'),(1771,88,87,2,0,'2020-03-08'),(1772,6,17,NULL,NULL,NULL),(1773,11,17,NULL,NULL,NULL),(1774,13,17,NULL,NULL,NULL),(1775,24,20,NULL,NULL,NULL),(1776,20,21,NULL,NULL,NULL),(1777,25,19,NULL,NULL,NULL),(1778,26,34,NULL,NULL,NULL),(1779,27,38,NULL,NULL,NULL),(1780,30,28,NULL,NULL,NULL),(1781,23,32,NULL,NULL,NULL),(1782,21,32,NULL,NULL,NULL),(1783,54,50,NULL,NULL,NULL),(1784,46,53,NULL,NULL,NULL),(1785,40,58,NULL,NULL,NULL),(1786,47,42,NULL,NULL,NULL),(1787,51,49,NULL,NULL,NULL),(1788,53,51,NULL,NULL,NULL),(1789,42,44,NULL,NULL,NULL),(1790,56,40,NULL,NULL,NULL),(1791,51,57,NULL,NULL,NULL),(1792,43,51,NULL,NULL,NULL),(1793,40,55,NULL,NULL,NULL),(1794,41,40,NULL,NULL,NULL),(1795,54,39,NULL,NULL,NULL),(1796,43,54,NULL,NULL,NULL),(1797,49,50,NULL,NULL,NULL),(1798,56,43,NULL,NULL,NULL),(1799,70,74,NULL,NULL,NULL),(1800,72,77,NULL,NULL,NULL),(1801,76,71,NULL,NULL,NULL),(1802,66,74,NULL,NULL,NULL),(1803,78,59,NULL,NULL,NULL),(1804,64,76,NULL,NULL,NULL),(1805,63,73,NULL,NULL,NULL),(1806,71,77,NULL,NULL,NULL),(1807,62,70,NULL,NULL,NULL),(1808,69,61,NULL,NULL,NULL),(1809,71,68,NULL,NULL,NULL),(1810,61,65,NULL,NULL,NULL),(1811,98,80,NULL,NULL,NULL),(1812,79,93,NULL,NULL,NULL),(1813,87,95,NULL,NULL,NULL),(1814,83,95,NULL,NULL,NULL),(1815,79,81,NULL,NULL,NULL),(1816,91,98,NULL,NULL,NULL),(1817,85,96,NULL,NULL,NULL),(1818,81,95,NULL,NULL,NULL),(1819,96,98,NULL,NULL,NULL),(1820,88,97,NULL,NULL,NULL),(1821,80,81,NULL,NULL,NULL),(1822,88,94,NULL,NULL,NULL),(1823,95,85,NULL,NULL,NULL),(1824,80,87,NULL,NULL,NULL),(1825,88,93,NULL,NULL,NULL),(1826,87,82,NULL,NULL,NULL);
/*!40000 ALTER TABLE `Matches` ENABLE KEYS */;
UNLOCK TABLES;

--
-- Table structure for table `Teams`
--

DROP TABLE IF EXISTS `Teams`;
/*!40101 SET @saved_cs_client     = @@character_set_client */;
/*!50503 SET character_set_client = utf8mb4 */;
CREATE TABLE `Teams` (
  `id` int NOT NULL AUTO_INCREMENT,
  `team` varchar(50) NOT NULL,
  `league_id` int NOT NULL,
  PRIMARY KEY (`id`),
  KEY `Teams_ibfk_1` (`league_id`),
  CONSTRAINT `Teams_ibfk_1` FOREIGN KEY (`league_id`) REFERENCES `Leagues` (`id`)
) ENGINE=InnoDB AUTO_INCREMENT=102 DEFAULT CHARSET=utf8mb4 COLLATE=utf8mb4_0900_ai_ci;
/*!40101 SET character_set_client = @saved_cs_client */;

--
-- Dumping data for table `Teams`
--

LOCK TABLES `Teams` WRITE;
/*!40000 ALTER TABLE `Teams` DISABLE KEYS */;
INSERT INTO `Teams` VALUES (1,'Augsburg',1),(2,'Bayern',1),(3,'Dortmund',1),(4,'Dusseldorf',1),(5,'Frankfurt',1),(6,'Freiburg',1),(7,'Hertha BSC',1),(8,'Hoffenheim',1),(9,'Koln',1),(10,'Leverkusen',1),(11,'Mainz',1),(12,'Monchengladbach',1),(13,'Paderborn',1),(14,'RB Leipzig',1),(15,'Schalke',1),(16,'Union Berlin',1),(17,'Werder Bremen',1),(18,'Wolfsburg',1),(19,'Alaves',2),(20,'Athletic Bilbao',2),(21,'Atletico Madrid',2),(22,'Barcelona',2),(23,'Celta Vigo',2),(24,'Eibar',2),(25,'Espanyol',2),(26,'Getafe',2),(27,'Granada',2),(28,'Leganes',2),(29,'Levante',2),(30,'Mallorca',2),(31,'Osasuna',2),(32,'Real Betis',2),(33,'Real Madrid',2),(34,'Real Sociedad',2),(35,'Real Valladolid',2),(36,'Sevilla',2),(37,'Valencia',2),(38,'Villarreal',2),(39,'Amiens',3),(40,'Angers',3),(41,'Bordeaux',3),(42,'Brest',3),(43,'Dijon',3),(44,'Lille',3),(45,'Lyon',3),(46,'Marseille',3),(47,'Metz',3),(48,'Monaco',3),(49,'Montpellier',3),(50,'Nantes',3),(51,'Nice',3),(52,'Nimes',3),(53,'PSG',3),(54,'Reims',3),(55,'Rennes',3),(56,'Saint-Etienne',3),(57,'Strasbourg',3),(58,'Toulouse',3),(59,'Arsenal',4),(60,'Aston Villa',4),(61,'Bournemouth',4),(62,'Brighton',4),(63,'Burnley',4),(64,'Chelsea',4),(65,'Crystal Palace',4),(66,'Everton',4),(67,'Leicester',4),(68,'Liverpool',4),(69,'Manchester City',4),(70,'Manchester United',4),(71,'Newcastle',4),(72,'Norwich',4),(73,'Sheffield United',4),(74,'Southampton',4),(75,'Tottenham',4),(76,'Watford',4),(77,'West Ham',4),(78,'Wolves',4),(79,'AC Milan',5),(80,'Atalanta',5),(81,'Bologna',5),(82,'Brescia',5),(83,'Cagliari',5),(84,'Fiorentina',5),(85,'Genoa',5),(86,'Hellas Verona',5),(87,'Inter Milan',5),(88,'Juventus',5),(89,'Lazio',5),(90,'Lecce',5),(91,'Napoli',5),(92,'Parma',5),(93,'Roma',5),(94,'Sampdoria',5),(95,'Sassuolo',5),(96,'SPAL',5),(97,'Torino',5),(98,'Udinese',5);
/*!40000 ALTER TABLE `Teams` ENABLE KEYS */;
UNLOCK TABLES;
/*!40103 SET TIME_ZONE=@OLD_TIME_ZONE */;

/*!40101 SET SQL_MODE=@OLD_SQL_MODE */;
/*!40014 SET FOREIGN_KEY_CHECKS=@OLD_FOREIGN_KEY_CHECKS */;
/*!40014 SET UNIQUE_CHECKS=@OLD_UNIQUE_CHECKS */;
/*!40101 SET CHARACTER_SET_CLIENT=@OLD_CHARACTER_SET_CLIENT */;
/*!40101 SET CHARACTER_SET_RESULTS=@OLD_CHARACTER_SET_RESULTS */;
/*!40101 SET COLLATION_CONNECTION=@OLD_COLLATION_CONNECTION */;
/*!40111 SET SQL_NOTES=@OLD_SQL_NOTES */;

-- Dump completed on 2021-05-18  1:13:56

DESC Teams;
RETURNS VARCHAR (50)
	DECLARE LeagueName VARCHAR(50) 
    DEFAULT 'Noo existe'


DELIMITER $$
	CREATE FUNCTION getTeamName(id INT)
    RETURNS VARCHAR(50)
    DETERMINISTIC 
    BEGIN
		DECLARE TeamName VARCHAR(50) DEFAULT 'No existe';
        SELECT team INTO TeamName FROM Teams WHERE id=teamID;
        RETURN TeamName;
END$$


SELECT getTeamName(3);

SHOW DATABASES;
USE EuropeFootballLeagues;

SHOW TABLES;

DELIMITER;
CREATE FUNCTION getVictories(teamID INT)
RETURNS INT
DETERMINISTIC
BEGIN	
	DECLARE victories INT DEFAULT 0;
    SELECT COUNT(*) INTO victories
    FROM MATCHES
    WHERE( 
		HomeTeam_id=teamID AND HomeScore>AwayScore) OR (AwayTeam_id=teamID AND AwayScore>AwayScore)
	RETURN victories;
END$$
DELIMITER ; 

SELECT getTeamName(3000);
SELECT getLeagueName(4);
SELECT getTeamName(30), getVictories(30);

CREATE DATABASE myfuncs;

USE myfuncs;

DELIMITER $$
CREATE FUNCTION maior2(n1 INT, n2 INT)
	RETURNS INT
    DETERMINISTIC 
BEGIN
    IF n1>n2 THEN
		RETURN n1;
	ELSE	
		RETURN n2;
	END IF;
END$$
DELIMITER ;
    
    


